Textile,BOISSONS,FRP CHAUSSURE JEOPARD 1 FE
Textile,BOISSONS,FFM LAURIS DERBY
Epicerie Sucrée,PRODUITS_LAITIERS_LAIT_OEUFS,AUCHAN TIRAMISU 4X80G
Boulangerie,BOULANGERIE,BAGU CAMPAGNE 250G
Épicerie Salée,BOULANGERIE,AUCHAN LENTILLES G OIE 530
Viande,BOISSONS,HERTA ALLUMETTES FUMEES 2X
Viande,VIANDE,EPAULE PORC SANS OS
Légumes,VIANDE,PDT CONSO GROS CALIBRE VRA
Bébé,BOISSONS,BAVOIR TABLIER 2EME AGE
Bébé,BOISSONS,POREE BABYCALIN LOTX3 BAVO
Textile,BOISSONS,COUVERTURE POLAIRE 75/150C
Bébé,BOISSONS,IE DORS BIEN COL CLAUDINE
Bébé,HYGIENE_BEAUTE,IE ROMPER PRINT 1 COULEUR
Bébé,BOISSONS,IE DORS BIEN LAPIN/CHATON
Bébé,BOISSONS,IE DBIEN OURS/SOURIS/ELEPH
Textile,BOISSONS,IE DOUDOUNE LIGHT CARUCHE
Textile,HYGIENE_BEAUTE,TF X3 BODY US MC
Textile,BOISSONS,IE X7 BODIES US ML
Textile,BOISSONS,LOT 5 CHAUSSETTES 2FANT+3U
Hygiène et Beauté,BOULANGERIE,AUCHAN BROSSE A DENTS X3
"Boissons,BOISSONS,""Bianco, boisson aromatisée blanc"""
Boissons,BOISSONS,Eau de source
Hygiène et Beauté,HYGIENE_BEAUTE,6X XTREME3 P SENSI
Hygiène et Beauté,BOISSONS,X72 LINGET EAU NET
Fruits,BOISSONS,CLEMENTINE A FEUILLE
Hygiène et Beauté,HYGIENE_BEAUTE,1 Art x 2 40
Fruits,BOISSONS,BANANE
Entretien,HYGIENE_BEAUTE,1 Art x 1 35
Légumes,BOISSONS,CAROTTE
Légumes,BOISSONS,PDT CELTIAN
Fruits,BOISSONS,CITRON
Entretien,HYGIENE_BEAUTE,1 Art x 1 60
Entretien,BOISSONS,SAC CABAS MATIERE RECYCLE
Textile,HYGIENE_BEAUTE,PRO CHAUSSURE JEOPARD 1 FE
Textile,BOISSONS,FEM LAURIS DERBY
Textile,BOISSONS,BAVOIR TABLIER 2EME AGE 37
Textile,BOISSONS,IE DOUDOUNE LIGHT CAPUCHE
Textile,HYGIENE_BEAUTE,IE BODY US MC
Textile,BOISSONS,IE LOT 7 BODIES US ML
Viande,BOISSONS,8 LOT 5 CHAUSSETTES 2FANT+3U
Boissons,BOISSONS,1 5L LIMONADE CRF
Épicerie Salée,BOISSONS,1/2 MELANGE 4CHAMP
Epicerie Sucrée,PRODUITS_LAITIERS_LAIT_OEUFS,"Bûche Soignon Sainte Maure, Lait pasteurisé 45%mg 200g"
Epicerie Sucrée,PRODUITS_LAITIERS_LAIT_OEUFS,4X90G TIRAM CRF
Viande,BOISSONS,6T JAMB SUP AC PSA
Boissons,VIANDE,75CL GROS PLANT
Fruits,FRUITS,AVOCAT PIECE
Viande,BOISSONS,COTE PC X2
Épicerie Salée,LEGUMES,FLAGEOLET VERT EF
Epicerie Sucrée,EPICERIE_SALEE,GALET 100% BLE NOI
Fruits,BOISSONS,PRUNE JAUNE VRAC
Animaux,BOISSONS,RABLE LAPIN X4
Viande,BOISSONS,SAUCISSE SECHE CBE
Hygiène et Beauté,BOISSONS,BARETTE ULT-CONFOR
Entretien,BOISSONS,3 SAC CABAS MATIERE RECYCLE
Épicerie Salée,EPICERIE_SALEE,Olives vertes dénoyautées pasteurisées  le bocal de 320g
Boissons,BOISSONS,48 DOS ARABICA CRF
Produits Laitiers, Lait, Oeufs,VIANDE,OEUFS PLEIN AIR
Produits Laitiers, Lait, Oeufs,BOISSONS,BEURE 1/2SEL RDF
Boulangerie,BOISSONS,CIABATTA 250G
Fruits,BOISSONS,CITRON JNE PIECE
Petit-Déjeuner,BOISSONS,CONFITURE FRAISE
Produits Laitiers, Lait, Oeufs,PRODUITS_LAITIERS_LAIT_OEUFS,CREM FRAICH EPAISS
Produits Laitiers, Lait, Oeufs,BOISSONS,MASCARPONE
Entretien,BOISSONS,X4 ET 3P DECO ULTR
Hygiène et Beauté,BOISSONS,LAQUE FORTE 300ML
Hygiène et Beauté,BOISSONS,CREME MAINS ARGAN
Produits Laitiers, Lait, Oeufs,EPICERIE_SALEE,200G LE VIEUX PANE
Boissons,HYGIENE_BEAUTE,6X1L EAU S ANTONIN
Poissonnerie,EPICERIE_SALEE,AILE DE RAIE
Boulangerie,BOISSONS,BAGUETTE CAMPAGNAR
Produits Laitiers, Lait, Oeufs,EPICERIE_SALEE,NATURNES BOL PLASTIQUE PUREE 2 LEG PLT 200g
Produits Surgelés,PRODUITS_SURGELES,MAGNUM BLANC/AMAND
Epicerie Sucrée,VIANDE,MINI BEIGNET POMME
Poissonnerie,VIANDE,PAV SAUMON A/P EQC
Produits Surgelés,BOISSONS,POELEE LA POTAGERE
Fruits,BOISSONS,RAISIN BLC DANLAS
Poissonnerie,POISSONNERIE,SAUMON FUME ECOSSE
Hygiène et Beauté,BOISSONS,50 BATONNETS CARF
Hygiène et Beauté,BOISSONS,SERUM PHYSIOLOGIQ
Boissons,BOISSONS,S PELLEGRINO 1L
Boissons,BOISSONS,CRF JUS D' ORANGE
Produits Laitiers, Lait, Oeufs,BOISSONS,6 x BK SR 1L LT 1/
Viande,VIANDE,JAMBON PARIS TSR
Épicerie Salée,BOISSONS,TORTILLA PDT NATUR
Bébé,BOISSONS,SEMOULE HIPP 8M
Épicerie Salée,EPICERIE_SALEE,SCE TOMATE BASILIC
Épicerie Salée,BOISSONS,SCE TOMATE BIO
Epicerie Salée,BOISSONS,Kit Fajitas
Épicerie Salée,BOISSONS,657G KIT ENCHILADA
Maison,VIANDE,SOUBRESS MINI PIQU
Épicerie Salée,BOISSONS,190G SCE TOMATES
Épicerie Salée,LEGUMES,SAUCE TOMATE CERIS
Épicerie Salée,LEGUMES,2X80G SAUCE TOMAT
Épicerie Salée,BOISSONS,SCE TOMATE MASCARP
Viande,BOISSONS,FLT POULET BLANC
Epicerie Sucrée,EPICERIE_SALEE,DOUX FRUITE 250G
Produits Laitiers, Lait, Oeufs,PRODUITS_LAITIERS_LAIT_OEUFS,250G COMT CARREFO
Produits Laitiers, Lait, Oeufs,BOISSONS,4X125G YRT CREM AN
Produits Laitiers, Lait, Oeufs,PRODUITS_LAITIERS_LAIT_OEUFS,GAP EXTRA MOZZA TO
Produits Laitiers, Lait, Oeufs,HYGIENE_BEAUTE,4X115G GERVAIS CIT
Epicerie Sucrée,PRODUITS_LAITIERS_LAIT_OEUFS,2X100G TIRAMISU CI
Boissons,BOISSONS,Pur Jus de Raisin Muscadet
Produits Laitiers, Lait, Oeufs,PRODUITS_LAITIERS_LAIT_OEUFS,PERLE DE LAIT VAN
Produits Laitiers, Lait, Oeufs,EPICERIE_SALEE,4X125G PERLE DE LA
Légumes,BOISSONS,POIVRON BICOLORE B
Épicerie Salée,BOISSONS,61G NOUILLE EXPR P
Épicerie Salée,BOISSONS,500G MAFALDINE
Produits Laitiers, Lait, Oeufs,BOISSONS,MOZZARELLA CRF
Épicerie Salée,EPICERIE_SALEE,2X130G CHIPS SEL&V
Produits Laitiers, Lait, Oeufs,BOISSONS,CRU DES ALPES 1/8M
Épicerie Salée,BOISSONS,500G TORTIGLIONI
Viande,BOISSONS,120G FINE TR MORTA
Fruits,FRUITS,POM FUJI MDD
Fruits,BOISSONS,CLEMENTINE MOYENNE
Légumes,BOISSONS,BIO NAVET BQ 500G
Produits Laitiers, Lait, Oeufs,PRODUITS_LAITIERS_LAIT_OEUFS,RIZ AU LAIT VANILL
Épicerie Salée,BOISSONS,90G CUPS TERIYAKI
Épicerie Salée,EPICERIE_SALEE,TOFIE BARILLA
Produits Laitiers, Lait, Oeufs,PRODUITS_LAITIERS_LAIT_OEUFS,SPEC LAIT CREM CRF
Légumes,EPICERIE_SUCREE,350G SUCRINE COEUR
Produits Laitiers, Lait, Oeufs,BOISSONS,3X20CL CREME UHT
Viande,VIANDE,SAUCISSON SEC
Epicerie Sucrée,BOISSONS,200G TOMME NOIRE
Poissonnerie,BOISSONS,FILET CARRELET
Produits Laitiers, Lait, Oeufs,BOISSONS,MASCARPONE GORGONZ
Boulangerie,BOULANGERIE,PAIN 400GR
Épicerie Salée,BOISSONS,SCE BEURRE CITRON
Hygiène et Beauté,BOISSONS,500ML BDB EXPERT P
High-tech,BOISSONS,R Pack Fnac Smartphone
Légumes,BOISSONS,D3E
Epicerie Sucrée,BOISSONS,SUCRINE ROUGE BQTE
Épicerie Salée,BOISSONS,90G NOUILLES TERIY
Fruits,BOISSONS,PASTEQUE 2 2KG
Boulangerie,BOISSONS,BAGUETTE BLANCHE
Produits Laitiers, Lait, Oeufs,PRODUITS_LAITIERS_LAIT_OEUFS,MPBIO YAOURT VANI
"Légumes,BOISSONS,""M/BIO""""CAROTTE 1 KG"""
Fruits,BOISSONS,PECHE JAUNE B
Produits Laitiers, Lait, Oeufs,EPICERIE_SALEE,EXTRA MOELLEUX 280
Légumes,BOISSONS,TOMATE ALLONGEE
Boissons,BOISSONS,SAN PELLEGRINO EAU MINERALE GAZEUSE NATURE BOUTEILLE PLASTIQUE 6 X 1000 ML
"Légumes,BOISSONS,""M/BIO""""COURGETTE 1K"""
Produits Laitiers, Lait, Oeufs,BOISSONS,150G COMTE RAPE
Produits Laitiers, Lait, Oeufs,BOISSONS,200G COMTE EXTRA
Viande,BOISSONS,800G ROGNON BF CPE
Boulangerie,BOISSONS,BAGUET MEUNIERE
Légumes,BOISSONS,EPINARD HACHE CRF
Viande,BOISSONS,FILET CND CRF X1
Viande,EPICERIE_SALEE,KG FOIE BOEUF X2
Épicerie Salée,HYGIENE_BEAUTE,LA CHAMPETRE 950G
Épicerie Salée,BOISSONS,P FEUILLETEE 235G
Viande,LEGUMES,PREFOU AIL
Épicerie Salée,EPICERIE_SALEE,RISOTTO CHAMP PLT
Boissons,BOISSONS,1L PASTIS RIVANIS 45°**
Viande,BOISSONS,STEAK 15% CRF 350G
Entretien,BOISSONS,NETTOYANT LUNETTE
Épicerie Salée,EPICERIE_SUCREE,250G PL BEUR DS PR
Boissons,BOISSONS,DOS ARABICA CRF 2x
Produits Laitiers, Lait, Oeufs,BOISSONS,50G PERSIL DAREGAL
Boulangerie,VIANDE,BAGUETTE CARREFOUR
Épicerie Salée,LEGUMES,CONFIT AIL
Epicerie Sucrée,BOISSONS,MACARON PISTACHE
Viande,BOISSONS,TRIANON X2
Entretien,BOISSONS,OKAY COLLECT ET 12
Fruits,BOISSONS,FOIRE GADGETS MENA
Petit-Déjeuner,BOISSONS,CAFE FORZA 10CAPS
Petit-Déjeuner,BOISSONS,CAFE SATINA 10CA
Petit-Déjeuner,BOISSONS,CAFE DELIZIO 10C
Épicerie Salée,BOISSONS,1L HLE OLIVE VE CR
Bébé,EPICERIE_SALEE,NATURN RIZ/CAR/PLT
Bébé,EPICERIE_SUCREE,X4 BRA BANMANAN 6M
Produits Laitiers, Lait, Oeufs,BOISSONS,12X50G+6GRT PETITS
Légumes,BOISSONS,COURGETTE CRF BIO
Bébé,PRODUITS_LAITIERS_LAIT_OEUFS,X4 SEMOU VANILL 6M
Fruits,BOISSONS,NECTA JAUNE
Produits Laitiers, Lait, Oeufs,EPICERIE_SALEE,COMTE 170G LE
Viande,BOISSONS,100G F ROSETT
Epicerie Sucrée,FRUITS,40G MIN POM 10M
Fruits,BOISSONS,PASTEQUE QUART
Bébé,BOISSONS,FRAISE BANANE 120G
Bébé,BOISSONS,190G PDT DO PRC 6M
Bébé,FRUITS,90G BRA POM MI 12M
Bébé,BOISSONS,POMME COING 120G
Viande,BOISSONS,80G JBON SUP -25%
Bébé,POISSONNERIE,BOL CAR PDT SAUMON
Viande,BOISSONS,COTE ECHINE
Produits Laitiers, Lait, Oeufs,BOISSONS,VIVA 1/2E 8X1LDT1L
Entretien,BOISSONS,RECH LESSIVE LIQ
Epicerie Sucrée,BOISSONS,200G SCHOKOBONS KI
Poissonnerie,BOISSONS,POIVRON CHEVRE/THON
Légumes,EPICERIE_SALEE,TRI FUNGHI
Produits Laitiers, Lait, Oeufs,BOISSONS,ANCHOIS
Légumes,BOULANGERIE,TOMATES MI SECHEES
Boissons,BOISSONS,CANELLONI
Légumes,BOISSONS,AUBERGINE FARCIE
"Fruits,BOISSONS,""4 CITRONS J""""MONOP"""
Viande,BOISSONS,2 TR JAMBON BIO AC
Épicerie Salée,BOISSONS,GNOCCHI A POELER 5
Viande,BOISSONS,BELLE ESC DINDE X2
Petit-Déjeuner,BOISSONS,33G INFUSION BIO
Petit-Déjeuner,PETIT_DEJEUNER,375G CORN FLAK MBI
Produits Laitiers, Lait, Oeufs,EPICERIE_SALEE,MONO EMM RAPE 3X70
Boulangerie,BOULANGERIE,PAIN CEREALE MBIO
Épicerie Salée,BOISSONS,64GNOUIL CHAMPIGN
Produits Laitiers, Lait, Oeufs,PLAT_PREPARE,BEURRIER TEND 1/2S
"Fruits,BOISSONS,""BIO"""" 4 POIRES"""
Boissons,HYGIENE_BEAUTE,MTP EAU DEMINERALI
Hygiène et Beauté,HYGIENE_BEAUTE,MPX DEO HOM ROLL
Hygiène et Beauté,EPICERIE_SUCREE,MEN EXP BIL INTENS
"Fruits,FRUITS,""M/BIO """"RAISIN BLANC"""
Epicerie Sucrée,BOISSONS,PACK 5BAR OVOMAL
Épicerie Salée,BOISSONS,EPICERIE 1
Entretien,EPICERIE_SALEE,SEL REG LAV VA
Epicerie Sucrée,EPICERIE_SUCREE,CREME DE COCO
Épicerie Salée,BOISSONS,PUREE PIMENTS
Entretien,BOISSONS,CILLIT BANG PI
Légumes,LEGUMES,POIS GOURMAND BQ
Epicerie Sucrée,BOISSONS,MAO CROQUI 250
Épicerie Salée,BOISSONS,BOUILLONS KUB
Produits Laitiers, Lait, Oeufs,BOISSONS,BIO YAOURT VAN
Epicerie Sucrée,FRUITS,COMP POM/FRAMB
Épicerie Salée,BOISSONS,1/2 OLIVE FARCIES
Épicerie Salée,PLAT_PREPARE,100G CRACKERS FORM
Viande,EPICERIE_SALEE,10TR BACON SEL RED
Epicerie Sucrée,EPICERIE_SUCREE,Twix Format XL x12
Viande,BOISSONS,4TR JAMBON SUP AC
Épicerie Salée,EPICERIE_SALEE,BLINI COCKTAIL X16
Fruits,BOISSONS,CLEMENTINE FEUILLE
Produits Laitiers, Lait, Oeufs,PRODUITS_LAITIERS_LAIT_OEUFS,P´tit gourmand mini chocolat au lait
Viande,BOISSONS,GIGOT*** TR x1 CRF
Légumes,BOISSONS,PANACH JEUNE POUSS
Viande,BOISSONS,PC ROTI FILET 500G
Légumes,LEGUMES,PCE CHOU VERT FRIS
Épicerie Salée,LEGUMES,PRINGLES CREAM/OIG
Viande,BOISSONS,SAUCISSE MORTEAU
Légumes,BOISSONS,ST 1KG CAROTTE FQC
Poissonnerie,EPICERIE_SALEE,Tarama aux oeufs de cabillaud
Produits Laitiers, Lait, Oeufs,BOISSONS,TOMME DE MONTAGNE
Epicerie Sucrée,EPICERIE_SUCREE,100G NOIR POINTE
Légumes,EPICERIE_SALEE,115G GAL MAIS BIO
Épicerie Salée,BOISSONS,250G RAVIOLI FROM/AI
Produits Laitiers, Lait, Oeufs,BOULANGERIE,4X115G LES 2 VACHE
Fruits,BOISSONS,BIO NOIX VRAC
Bébé,BOISSONS,BIO PATATE DOUCE VRA
Épicerie Salée,BOISSONS,CHIPS NATURE BIO
Plats préparés,PLAT_PREPARE,1 2PAC BURGER
Maison,BOISSONS,1 CYPRESS HILL
Légumes,EPICERIE_SALEE,NOTOURIOS BIG
Epicerie Sucrée,BOISSONS,3 MILKSHAKE
"Fruits,BOISSONS,""ORANGE""""T""""2KG MONOP"""
Légumes,BOISSONS,TOMATE GRAPPE
Boulangerie,BOISSONS,BOULE BLANCHE 400G
Fruits,BOISSONS,CITRON JAUNE
Produits Laitiers, Lait, Oeufs,PRODUITS_LAITIERS_LAIT_OEUFS,MONOP MOZZA 125G
Produits Laitiers, Lait, Oeufs,PRODUITS_LAITIERS_LAIT_OEUFS,SLA PERLE DE LAIT
Légumes,BOISSONS,SUCRINE BQT 3 PIEC
Produits Laitiers, Lait, Oeufs,BOISSONS,V Q R P 8 170G
Boulangerie,BOULANGERIE,PAIN SPEC CAMPAGNE
Epicerie Sucrée,BOISSONS,POULAIN NR EXTRA 4X1
Épicerie Salée,LEGUMES,HARICOT VERT E FIN D
Boissons,PETIT_DEJEUNER,COCA COLA ZERO PET 1
Poissonnerie,POISSONNERIE,FILET DE MERLU BLC M
Boulangerie,BOISSONS,AM SAND COMPELT SS A
Viande,BOISSONS,ESCALOPE DINDE X1 CE
Entretien,BOISSONS,SAC
Produits Laitiers, Lait, Oeufs,BOISSONS,1/2 ECREME UHT BIO
Produits Laitiers, Lait, Oeufs,EPICERIE_SALEE,MOZZA DI LATTE GAL
Produits Laitiers, Lait, Oeufs,BOISSONS,MONOP FRO FRAIS 3%
Produits Laitiers, Lait, Oeufs,EPICERIE_SALEE,MONOP YRT NATUR 0%
Poissonnerie,BOISSONS,120G THON BLANC
Boissons,EPICERIE_SALEE,1L TROP OR S PULPE
Viande,PRODUITS_LAITIERS_LAIT_OEUFS,CHIFFONNADE DE JAM
Viande,VIANDE,4 TR JAMBON LE SU
Produits Laitiers, Lait, Oeufs,BOISSONS,COMTE ENTREMONT FR
Bébé,PLAT_PREPARE,2X200G PDT/BF/TOM
Epicerie Sucrée,PETIT_DEJEUNER,400G CEREAL CACAO
Bébé,BOISSONS,4X100 BISC POMM PE
Bébé,FRUITS,4X100G POM KIWI AN
Bébé,FRUITS,4X100G POM MANG PA
Légumes,BOISSONS,YGUR
Bébé,VIANDE,BLEDINA MINI LACTE
Bébé,FRUITS,BLEDINER LT/POIR/P
Épicerie Salée,BOISSONS,FROMAGE BLC FONDU
Viande,BOISSONS,IDM COU PTE MERLU
Fruits,BOISSONS,LEMIEL MILUMEL 2EM
Animaux,BOISSONS,MARKIES TRIO PEDIG
Bébé,EPICERIE_SALEE,PT REC POT AU FEU
Produits Laitiers, Lait, Oeufs,BOISSONS,RED TRCH CHEDDAR
Viande,BOISSONS,STEACK HACH 2X125G
Produits Laitiers, Lait, Oeufs,EPICERIE_SUCREE,VACHE QUI RIT X 8
Fruits,BOISSONS,X46 CHANGES BB PR
Légumes,PRODUITS_LAITIERS_LAIT_OEUFS,X72 LINGET AU LAIT
Produits Laitiers, Lait, Oeufs,BOISSONS,ATTACHE SUCETTE X2
Viande,HYGIENE_BEAUTE,TASSE ANTI FUITE
Légumes,BOISSONS,Divers
Légumes,BOISSONS,Divers 34 90
Hygiène et Beauté,HYGIENE_BEAUTE,6X XTREMES P SENSI
Épicerie Salée,EPICERIE_SALEE,PRINGLES CREME/OIG
Boissons,BOISSONS,Espresso
Entretien,BOISSONS,Diesel 3 €
Épicerie Salée,BOISSONS,170GOLIVENOIR DENO
Epicerie Sucrée,EPICERIE_SUCREE,EXCELLENCE NOIR FR
Epicerie Sucrée,BOISSONS,100G EXC LT CARA
Epicerie Sucrée,EPICERIE_SUCREE,NESTLE DESSERT BLA
Epicerie Sucrée,EPICERIE_SUCREE,NESTLE DESSERT NOI
Epicerie Sucrée,BOISSONS,200G SCE OSEILLE
Produits Laitiers, Lait, Oeufs,EPICERIE_SUCREE,4 BIG CHOC VAN/CHO
Épicerie Salée,BOISSONS,4/4 POELEE / PRINT
Epicerie Sucrée,BOISSONS,400G POLPA FINE
Boulangerie,BOISSONS,BAGUETTE 250G
Produits Laitiers, Lait, Oeufs,POISSONNERIE,PAU SAUMON A/P EQC
Épicerie Salée,BOISSONS,CAROL PISTO BICARB
Entretien,BOISSONS,LOT VAISSELLE
Produits Laitiers, Lait, Oeufs,BOISSONS,NAGEURS A CLEFS
